STOREID;FASHION;LEISURE;STRETCH;ORIGINAL;SALESTOT;pFASHION;pLEISURE;pSTRETCH;pORIGINAL
1;182000.00;1528000.00;496000.00;2203000.00;4409000.00;4.13;34.66;11.25;49.97
2;129000.00;2247000.00;296000.00;1890000.00;4562000.00;2.83;49.25;6.49;41.43
3;107000.00;1652000.00;267000.00;2342000.00;4368000.00;2.45;37.82;6.11;53.62
4;117000.00;1744000.00;419000.00;2119000.00;4399000.00;2.66;39.65;9.52;48.17
5;110000.00;1736000.00;755000.00;1781000.00;4382000.00;2.51;39.62;17.23;40.64
6;79000.00;1637000.00;613000.00;2138000.00;4467000.00;1.77;36.65;13.72;47.86
7;73000.00;2484000.00;468000.00;1216000.00;4241000.00;1.72;58.57;11.04;28.67
8;64000.00;2675000.00;209000.00;1504000.00;4452000.00;1.44;60.09;4.69;33.78
9;100000.00;1795000.00;561000.00;1933000.00;4389000.00;2.28;40.90;12.78;44.04
10;126000.00;1789000.00;180000.00;2405000.00;4500000.00;2.80;39.76;4.00;53.44
11;37000.00;1528000.00;41000.00;1752000.00;3358000.00;1.10;45.50;1.22;52.17
12;106000.00;1930000.00;409000.00;2064000.00;4509000.00;2.35;42.80;9.07;45.78
13;105000.00;1969000.00;643000.00;1670000.00;4387000.00;2.39;44.88;14.66;38.07
14;1000.00;1060000.00;234000.00;955000.00;2250000.00;0.04;47.11;10.40;42.44
15;78000.00;2390000.00;406000.00;1428000.00;4302000.00;1.81;55.56;9.44;33.19
16;78000.00;1631000.00;3000.00;1634000.00;3346000.00;2.33;48.74;0.09;48.83
17;139000.00;1747000.00;486000.00;1997000.00;4369000.00;3.18;39.99;11.12;45.71
18;61000.00;1918000.00;303000.00;2220000.00;4502000.00;1.35;42.60;6.73;49.31
19;68000.00;1957000.00;587000.00;1812000.00;4424000.00;1.54;44.24;13.27;40.96
20;127000.00;2175000.00;319000.00;1747000.00;4368000.00;2.91;49.79;7.30;40.00
21;102000.00;2442000.00;481000.00;1364000.00;4389000.00;2.32;55.64;10.96;31.08
22;65000.00;2226000.00;188000.00;1782000.00;4261000.00;1.53;52.24;4.41;41.82
23;87000.00;2128000.00;327000.00;1813000.00;4355000.00;2.00;48.86;7.51;41.63
24;144000.00;2024000.00;503000.00;1785000.00;4456000.00;3.23;45.42;11.29;40.06
25;68000.00;1989000.00;595000.00;1881000.00;4533000.00;1.50;43.88;13.13;41.50
26;96000.00;1717000.00;863000.00;1843000.00;4519000.00;2.12;38.00;19.10;40.78
27;78000.00;2225000.00;454000.00;1693000.00;4450000.00;1.75;50.00;10.20;38.04
28;86000.00;1543000.00;713000.00;2041000.00;4383000.00;1.96;35.20;16.27;46.57
29;69000.00;1838000.00;333000.00;2090000.00;4330000.00;1.59;42.45;7.69;48.27
30;73000.00;1746000.00;274000.00;2249000.00;4342000.00;1.68;40.21;6.31;51.80
31;66000.00;2243000.00;254000.00;1949000.00;4512000.00;1.46;49.71;5.63;43.20
32;67000.00;1726000.00;269000.00;2442000.00;4504000.00;1.49;38.32;5.97;54.22
33;87000.00;2000000.00;340000.00;2056000.00;4483000.00;1.94;44.61;7.58;45.86
34;99000.00;1792000.00;500000.00;2002000.00;4393000.00;2.25;40.79;11.38;45.57
35;97000.00;2089000.00;461000.00;1733000.00;4380000.00;2.21;47.69;10.53;39.57
36;52000.00;2589000.00;279000.00;1480000.00;4400000.00;1.18;58.84;6.34;33.64
37;76000.00;1215000.00;828000.00;2312000.00;4431000.00;1.72;27.42;18.69;52.18
38;83000.00;1503000.00;13000.00;1836000.00;3435000.00;2.42;43.76;0.38;53.45
39;91000.00;1819000.00;270000.00;2276000.00;4456000.00;2.04;40.82;6.06;51.08
40;161000.00;1613000.00;709000.00;2005000.00;4488000.00;3.59;35.94;15.80;44.67
41;45000.00;1530000.00;791000.00;2056000.00;4422000.00;1.02;34.60;17.89;46.49
42;85000.00;1610000.00;632000.00;2072000.00;4399000.00;1.93;36.60;14.37;47.10
43;112000.00;2101000.00;186000.00;1940000.00;4339000.00;2.58;48.42;4.29;44.71
44;54000.00;1864000.00;768000.00;1786000.00;4472000.00;1.21;41.68;17.17;39.94
45;73000.00;2152000.00;348000.00;1835000.00;4408000.00;1.66;48.82;7.89;41.63
46;126000.00;1376000.00;800000.00;2179000.00;4481000.00;2.81;30.71;17.85;48.63
47;65000.00;1717000.00;6000.00;1584000.00;3372000.00;1.93;50.92;0.18;46.98
48;147000.00;1932000.00;382000.00;1870000.00;4331000.00;3.39;44.61;8.82;43.18
49;46000.00;1846000.00;485000.00;2033000.00;4410000.00;1.04;41.86;11.00;46.10
50;92000.00;2649000.00;162000.00;1510000.00;4413000.00;2.08;60.03;3.67;34.22
51;83000.00;2152000.00;534000.00;1649000.00;4418000.00;1.88;48.71;12.09;37.32
52;87000.00;2014000.00;787000.00;1507000.00;4395000.00;1.98;45.82;17.91;34.29
53;50000.00;1624000.00;380000.00;2286000.00;4340000.00;1.15;37.42;8.76;52.67
54;101000.00;2047000.00;468000.00;1878000.00;4494000.00;2.25;45.55;10.41;41.79
55;127000.00;1811000.00;317000.00;2023000.00;4278000.00;2.97;42.33;7.41;47.29
56;113000.00;1943000.00;367000.00;1952000.00;4375000.00;2.58;44.41;8.39;44.62
57;91000.00;2026000.00;394000.00;1922000.00;4433000.00;2.05;45.70;8.89;43.36
58;158000.00;2532000.00;258000.00;1478000.00;4426000.00;3.57;57.21;5.83;33.39
59;109000.00;1556000.00;719000.00;2010000.00;4394000.00;2.48;35.41;16.36;45.74
60;123000.00;1472000.00;1118000.00;1627000.00;4340000.00;2.83;33.92;25.76;37.49
61;104000.00;2232000.00;339000.00;1686000.00;4361000.00;2.38;51.18;7.77;38.66
62;2000.00;1009000.00;249000.00;992000.00;2252000.00;0.09;44.80;11.06;44.05
63;67000.00;1409000.00;884000.00;2038000.00;4398000.00;1.52;32.04;20.10;46.34
64;129000.00;2528000.00;304000.00;1540000.00;4501000.00;2.87;56.17;6.75;34.21
65;61000.00;1184000.00;426000.00;2715000.00;4386000.00;1.39;26.99;9.71;61.90
66;136000.00;2256000.00;307000.00;1658000.00;4357000.00;3.12;51.78;7.05;38.05
67;99000.00;1768000.00;643000.00;2004000.00;4514000.00;2.19;39.17;14.24;44.40
68;39000.00;1874000.00;659000.00;1754000.00;4326000.00;0.90;43.32;15.23;40.55
69;105000.00;1888000.00;254000.00;2105000.00;4352000.00;2.41;43.38;5.84;48.37
70;1000.00;1057000.00;227000.00;863000.00;2148000.00;0.05;49.21;10.57;40.18
71;84000.00;1698000.00;616000.00;2016000.00;4414000.00;1.90;38.47;13.96;45.67
72;66000.00;2019000.00;543000.00;1803000.00;4431000.00;1.49;45.57;12.25;40.69
73;93000.00;2525000.00;371000.00;1552000.00;4541000.00;2.05;55.60;8.17;34.18
74;102000.00;2248000.00;430000.00;1579000.00;4359000.00;2.34;51.57;9.86;36.22
75;77000.00;1544000.00;24000.00;1765000.00;3410000.00;2.26;45.28;0.70;51.76
76;81000.00;2564000.00;459000.00;1316000.00;4420000.00;1.83;58.01;10.38;29.77
77;197000.00;2055000.00;339000.00;1793000.00;4384000.00;4.49;46.88;7.73;40.90
78;76000.00;1394000.00;726000.00;2226000.00;4422000.00;1.72;31.52;16.42;50.34
79;52000.00;1959000.00;730000.00;1647000.00;4388000.00;1.19;44.64;16.64;37.53
80;106000.00;2418000.00;332000.00;1570000.00;4426000.00;2.39;54.63;7.50;35.47
81;122000.00;1369000.00;862000.00;2054000.00;4407000.00;2.77;31.06;19.56;46.61
82;63000.00;2146000.00;338000.00;1766000.00;4313000.00;1.46;49.76;7.84;40.95
83;128000.00;2093000.00;384000.00;1789000.00;4394000.00;2.91;47.63;8.74;40.71
84;59000.00;1798000.00;326000.00;2216000.00;4399000.00;1.34;40.87;7.41;50.38
85;41000.00;2049000.00;700000.00;1550000.00;4340000.00;0.94;47.21;16.13;35.71
86;67000.00;1918000.00;420000.00;1917000.00;4322000.00;1.55;44.38;9.72;44.35
87;135000.00;2446000.00;294000.00;1521000.00;4396000.00;3.07;55.64;6.69;34.60
88;109000.00;2165000.00;333000.00;1715000.00;4322000.00;2.52;50.09;7.70;39.68
89;63000.00;1813000.00;6000.00;1468000.00;3350000.00;1.88;54.12;0.18;43.82
90;89000.00;2116000.00;449000.00;1603000.00;4257000.00;2.09;49.71;10.55;37.66
91;61000.00;1656000.00;909000.00;1840000.00;4466000.00;1.37;37.08;20.35;41.20
92;65000.00;2597000.00;356000.00;1320000.00;4338000.00;1.50;59.87;8.21;30.43
93;4000.00;672000.00;378000.00;1157000.00;2211000.00;0.18;30.39;17.10;52.33
94;79000.00;2027000.00;723000.00;1476000.00;4305000.00;1.84;47.08;16.79;34.29
95;59000.00;1443000.00;21000.00;1939000.00;3462000.00;1.70;41.68;0.61;56.01
96;69000.00;2006000.00;534000.00;1676000.00;4285000.00;1.61;46.81;12.46;39.11
97;158000.00;1896000.00;674000.00;1627000.00;4355000.00;3.63;43.54;15.48;37.36
98;58000.00;1764000.00;704000.00;1793000.00;4319000.00;1.34;40.84;16.30;41.51
99;61000.00;1942000.00;408000.00;1980000.00;4391000.00;1.39;44.23;9.29;45.09
100;122000.00;1826000.00;442000.00;2007000.00;4397000.00;2.77;41.53;10.05;45.64
101;140000.00;2146000.00;455000.00;1573000.00;4314000.00;3.25;49.75;10.55;36.46
102;111000.00;1978000.00;24000.00;1253000.00;3366000.00;3.30;58.76;0.71;37.23
103;91000.00;1752000.00;706000.00;1859000.00;4408000.00;2.06;39.75;16.02;42.17
104;108000.00;1244000.00;425000.00;2570000.00;4347000.00;2.48;28.62;9.78;59.12
105;52000.00;1829000.00;711000.00;1888000.00;4480000.00;1.16;40.83;15.87;42.14
106;106000.00;2643000.00;273000.00;1324000.00;4346000.00;2.44;60.81;6.28;30.46
107;122000.00;1661000.00;518000.00;2083000.00;4384000.00;2.78;37.89;11.82;47.51
108;56000.00;1358000.00;17000.00;1954000.00;3385000.00;1.65;40.12;0.50;57.73
109;82000.00;1478000.00;1044000.00;1833000.00;4437000.00;1.85;33.31;23.53;41.31
110;79000.00;1945000.00;354000.00;2098000.00;4476000.00;1.76;43.45;7.91;46.87
111;81000.00;2000000.00;574000.00;1656000.00;4311000.00;1.88;46.39;13.31;38.41
112;90000.00;2025000.00;444000.00;1898000.00;4457000.00;2.02;45.43;9.96;42.58
113;48000.00;1442000.00;703000.00;2215000.00;4408000.00;1.09;32.71;15.95;50.25
114;88000.00;2016000.00;466000.00;1891000.00;4461000.00;1.97;45.19;10.45;42.39
115;72000.00;1872000.00;130000.00;1245000.00;3319000.00;2.17;56.40;3.92;37.51
116;77000.00;2105000.00;750000.00;1502000.00;4434000.00;1.74;47.47;16.91;33.87
117;79000.00;2519000.00;300000.00;1421000.00;4319000.00;1.83;58.32;6.95;32.90
118;83000.00;2817000.00;307000.00;1223000.00;4430000.00;1.87;63.59;6.93;27.61
119;62000.00;1813000.00;28000.00;1352000.00;3255000.00;1.90;55.70;0.86;41.54
120;110000.00;2013000.00;284000.00;1987000.00;4394000.00;2.50;45.81;6.46;45.22
121;78000.00;1616000.00;51000.00;1681000.00;3426000.00;2.28;47.17;1.49;49.07
122;104000.00;1695000.00;3000.00;1527000.00;3329000.00;3.12;50.92;0.09;45.87
123;114000.00;1441000.00;700000.00;2190000.00;4445000.00;2.56;32.42;15.75;49.27
124;127000.00;1804000.00;377000.00;2067000.00;4375000.00;2.90;41.23;8.62;47.25
125;83000.00;1736000.00;650000.00;1937000.00;4406000.00;1.88;39.40;14.75;43.96
126;129000.00;1792000.00;11000.00;1490000.00;3422000.00;3.77;52.37;0.32;43.54
127;77000.00;1701000.00;466000.00;2151000.00;4395000.00;1.75;38.70;10.60;48.94
128;83000.00;2070000.00;447000.00;1874000.00;4474000.00;1.86;46.27;9.99;41.89
129;92000.00;2169000.00;694000.00;1426000.00;4381000.00;2.10;49.51;15.84;32.55
130;106000.00;2468000.00;289000.00;1467000.00;4330000.00;2.45;57.00;6.67;33.88
131;105000.00;2159000.00;387000.00;1807000.00;4458000.00;2.36;48.43;8.68;40.53
132;135000.00;2075000.00;504000.00;1870000.00;4584000.00;2.95;45.27;10.99;40.79
133;53000.00;2110000.00;189000.00;2103000.00;4455000.00;1.19;47.36;4.24;47.21
134;64000.00;2064000.00;385000.00;1963000.00;4476000.00;1.43;46.11;8.60;43.86
135;95000.00;1903000.00;281000.00;2194000.00;4473000.00;2.12;42.54;6.28;49.05
136;101000.00;1793000.00;455000.00;2139000.00;4488000.00;2.25;39.95;10.14;47.66
137;98000.00;1475000.00;628000.00;2177000.00;4378000.00;2.24;33.69;14.34;49.73
138;101000.00;1510000.00;593000.00;2106000.00;4310000.00;2.34;35.03;13.76;48.86
139;68000.00;1771000.00;413000.00;2230000.00;4482000.00;1.52;39.51;9.21;49.75
140;106000.00;2196000.00;414000.00;1680000.00;4396000.00;2.41;49.95;9.42;38.22
141;109000.00;2317000.00;429000.00;1605000.00;4460000.00;2.44;51.95;9.62;35.99
142;105000.00;1627000.00;400000.00;2275000.00;4407000.00;2.38;36.92;9.08;51.62
143;170000.00;2219000.00;261000.00;1686000.00;4336000.00;3.92;51.18;6.02;38.88
144;84000.00;1714000.00;313000.00;2224000.00;4335000.00;1.94;39.54;7.22;51.30
145;74000.00;1401000.00;698000.00;2130000.00;4303000.00;1.72;32.56;16.22;49.50
146;67000.00;1365000.00;634000.00;2286000.00;4352000.00;1.54;31.36;14.57;52.53
147;111000.00;1880000.00;264000.00;2110000.00;4365000.00;2.54;43.07;6.05;48.34
148;91000.00;1406000.00;409000.00;2450000.00;4356000.00;2.09;32.28;9.39;56.24
149;116000.00;1587000.00;518000.00;2112000.00;4333000.00;2.68;36.63;11.95;48.74
150;168000.00;2407000.00;432000.00;1420000.00;4427000.00;3.79;54.37;9.76;32.08
151;83000.00;2359000.00;319000.00;1723000.00;4484000.00;1.85;52.61;7.11;38.43
152;60000.00;1703000.00;28000.00;1632000.00;3423000.00;1.75;49.75;0.82;47.68
153;86000.00;1817000.00;460000.00;2037000.00;4400000.00;1.95;41.30;10.45;46.30
154;98000.00;2149000.00;484000.00;1610000.00;4341000.00;2.26;49.50;11.15;37.09
155;131000.00;2042000.00;426000.00;1788000.00;4387000.00;2.99;46.55;9.71;40.76
156;94000.00;1637000.00;718000.00;2068000.00;4517000.00;2.08;36.24;15.90;45.78
157;49000.00;2086000.00;277000.00;1951000.00;4363000.00;1.12;47.81;6.35;44.72
158;57000.00;1866000.00;528000.00;1870000.00;4321000.00;1.32;43.18;12.22;43.28
159;128000.00;2041000.00;324000.00;1934000.00;4427000.00;2.89;46.10;7.32;43.69
160;48000.00;1604000.00;27000.00;1771000.00;3450000.00;1.39;46.49;0.78;51.33
161;76000.00;2104000.00;461000.00;1827000.00;4468000.00;1.70;47.09;10.32;40.89
162;70000.00;1998000.00;442000.00;1883000.00;4393000.00;1.59;45.48;10.06;42.86
163;67000.00;2035000.00;534000.00;1810000.00;4446000.00;1.51;45.77;12.01;40.71
164;62000.00;2316000.00;282000.00;1845000.00;4505000.00;1.38;51.41;6.26;40.95
165;124000.00;1906000.00;261000.00;2051000.00;4342000.00;2.86;43.90;6.01;47.24
166;115000.00;2279000.00;358000.00;1729000.00;4481000.00;2.57;50.86;7.99;38.59
167;61000.00;2123000.00;562000.00;1677000.00;4423000.00;1.38;48.00;12.71;37.92
168;125000.00;1978000.00;695000.00;1580000.00;4378000.00;2.86;45.18;15.87;36.09
169;89000.00;1351000.00;332000.00;2468000.00;4240000.00;2.10;31.86;7.83;58.21
170;70000.00;1384000.00;527000.00;2390000.00;4371000.00;1.60;31.66;12.06;54.68
171;76000.00;2189000.00;476000.00;1618000.00;4359000.00;1.74;50.22;10.92;37.12
172;117000.00;1057000.00;1015000.00;2169000.00;4358000.00;2.68;24.25;23.29;49.77
173;64000.00;1655000.00;667000.00;2072000.00;4458000.00;1.44;37.12;14.96;46.48
174;67000.00;2106000.00;478000.00;1609000.00;4260000.00;1.57;49.44;11.22;37.77
175;64000.00;2037000.00;412000.00;1953000.00;4466000.00;1.43;45.61;9.23;43.73
176;5000.00;683000.00;391000.00;1143000.00;2222000.00;0.23;30.74;17.60;51.44
177;81000.00;1955000.00;552000.00;1859000.00;4447000.00;1.82;43.96;12.41;41.80
178;56000.00;1934000.00;385000.00;2056000.00;4431000.00;1.26;43.65;8.69;46.40
179;75000.00;1664000.00;351000.00;2326000.00;4416000.00;1.70;37.68;7.95;52.67
180;112000.00;1918000.00;625000.00;1813000.00;4468000.00;2.51;42.93;13.99;40.58
181;123000.00;1580000.00;371000.00;2263000.00;4337000.00;2.84;36.43;8.55;52.18
182;101000.00;1790000.00;376000.00;2158000.00;4425000.00;2.28;40.45;8.50;48.77
183;114000.00;2361000.00;375000.00;1576000.00;4426000.00;2.58;53.34;8.47;35.61
184;115000.00;2392000.00;398000.00;1559000.00;4464000.00;2.58;53.58;8.92;34.92
185;70000.00;1432000.00;655000.00;2010000.00;4167000.00;1.68;34.37;15.72;48.24
186;90000.00;1944000.00;783000.00;1623000.00;4440000.00;2.03;43.78;17.64;36.55
187;139000.00;1630000.00;684000.00;1862000.00;4315000.00;3.22;37.78;15.85;43.15
188;127000.00;1763000.00;36000.00;1562000.00;3488000.00;3.64;50.54;1.03;44.78
189;95000.00;2286000.00;610000.00;1464000.00;4455000.00;2.13;51.31;13.69;32.86
190;59000.00;1852000.00;543000.00;2017000.00;4471000.00;1.32;41.42;12.14;45.11
191;136000.00;1726000.00;447000.00;2005000.00;4314000.00;3.15;40.01;10.36;46.48
192;129000.00;1940000.00;355000.00;2006000.00;4430000.00;2.91;43.79;8.01;45.28
193;95000.00;1675000.00;456000.00;2178000.00;4404000.00;2.16;38.03;10.35;49.46
194;76000.00;1777000.00;662000.00;1911000.00;4426000.00;1.72;40.15;14.96;43.18
195;102000.00;1893000.00;319000.00;2149000.00;4463000.00;2.29;42.42;7.15;48.15
196;73000.00;1692000.00;521000.00;2096000.00;4382000.00;1.67;38.61;11.89;47.83
197;44000.00;1602000.00;760000.00;2001000.00;4407000.00;1.00;36.35;17.25;45.41
198;67000.00;1616000.00;20000.00;1707000.00;3410000.00;1.96;47.39;0.59;50.06
199;108000.00;1356000.00;433000.00;2521000.00;4418000.00;2.44;30.69;9.80;57.06
200;170000.00;1581000.00;408000.00;2292000.00;4451000.00;3.82;35.52;9.17;51.49
201;65000.00;2435000.00;465000.00;1408000.00;4373000.00;1.49;55.68;10.63;32.20
202;115000.00;1876000.00;898000.00;1572000.00;4461000.00;2.58;42.05;20.13;35.24
203;130000.00;2047000.00;306000.00;2049000.00;4532000.00;2.87;45.17;6.75;45.21
204;147000.00;1697000.00;687000.00;1838000.00;4369000.00;3.36;38.84;15.72;42.07
205;72000.00;2048000.00;650000.00;1529000.00;4299000.00;1.67;47.64;15.12;35.57
206;71000.00;1374000.00;764000.00;2194000.00;4403000.00;1.61;31.21;17.35;49.83
207;89000.00;2188000.00;398000.00;1687000.00;4362000.00;2.04;50.16;9.12;38.67
208;132000.00;1947000.00;361000.00;1978000.00;4418000.00;2.99;44.07;8.17;44.77
209;92000.00;1710000.00;287000.00;2237000.00;4326000.00;2.13;39.53;6.63;51.71
210;77000.00;2193000.00;312000.00;1816000.00;4398000.00;1.75;49.86;7.09;41.29
211;77000.00;2207000.00;682000.00;1347000.00;4313000.00;1.79;51.17;15.81;31.23
212;70000.00;2082000.00;678000.00;1668000.00;4498000.00;1.56;46.29;15.07;37.08
213;121000.00;2114000.00;333000.00;1827000.00;4395000.00;2.75;48.10;7.58;41.57
214;65000.00;2194000.00;302000.00;1846000.00;4407000.00;1.47;49.78;6.85;41.89
215;72000.00;1725000.00;616000.00;2055000.00;4468000.00;1.61;38.61;13.79;45.99
216;109000.00;1526000.00;16000.00;1706000.00;3357000.00;3.25;45.46;0.48;50.82
217;63000.00;2083000.00;321000.00;1990000.00;4457000.00;1.41;46.74;7.20;44.65
218;68000.00;2306000.00;294000.00;1765000.00;4433000.00;1.53;52.02;6.63;39.82
219;98000.00;2059000.00;343000.00;1951000.00;4451000.00;2.20;46.26;7.71;43.83
220;75000.00;1485000.00;637000.00;2146000.00;4343000.00;1.73;34.19;14.67;49.41
221;79000.00;1932000.00;307000.00;2078000.00;4396000.00;1.80;43.95;6.98;47.27
222;130000.00;1844000.00;409000.00;1919000.00;4302000.00;3.02;42.86;9.51;44.61
223;81000.00;2224000.00;401000.00;1655000.00;4361000.00;1.86;51.00;9.20;37.95
224;117000.00;1865000.00;262000.00;2160000.00;4404000.00;2.66;42.35;5.95;49.05
225;95000.00;2068000.00;422000.00;1696000.00;4281000.00;2.22;48.31;9.86;39.62
226;32000.00;1697000.00;2000.00;1645000.00;3376000.00;0.95;50.27;0.06;48.73
227;185000.00;1678000.00;457000.00;2131000.00;4451000.00;4.16;37.70;10.27;47.88
228;73000.00;1801000.00;589000.00;1875000.00;4338000.00;1.68;41.52;13.58;43.22
229;34000.00;1983000.00;699000.00;1623000.00;4339000.00;0.78;45.70;16.11;37.40
230;87000.00;2262000.00;573000.00;1471000.00;4393000.00;1.98;51.49;13.04;33.49
231;63000.00;2342000.00;253000.00;1860000.00;4518000.00;1.39;51.84;5.60;41.17
232;139000.00;1859000.00;642000.00;1806000.00;4446000.00;3.13;41.81;14.44;40.62
233;82000.00;2106000.00;608000.00;1594000.00;4390000.00;1.87;47.97;13.85;36.31
234;164000.00;1654000.00;735000.00;1874000.00;4427000.00;3.70;37.36;16.60;42.33
235;80000.00;1772000.00;489000.00;2008000.00;4349000.00;1.84;40.74;11.24;46.17
236;91000.00;1290000.00;666000.00;2392000.00;4439000.00;2.05;29.06;15.00;53.89
237;147000.00;2083000.00;570000.00;1670000.00;4470000.00;3.29;46.60;12.75;37.36
238;89000.00;1771000.00;366000.00;2086000.00;4312000.00;2.06;41.07;8.49;48.38
239;95000.00;1758000.00;661000.00;1971000.00;4485000.00;2.12;39.20;14.74;43.95
240;191000.00;1868000.00;407000.00;1950000.00;4416000.00;4.33;42.30;9.22;44.16
241;48000.00;2023000.00;458000.00;1842000.00;4371000.00;1.10;46.28;10.48;42.14
242;78000.00;2285000.00;421000.00;1678000.00;4462000.00;1.75;51.21;9.44;37.61
243;94000.00;1790000.00;72000.00;1450000.00;3406000.00;2.76;52.55;2.11;42.57
244;53000.00;2441000.00;343000.00;1502000.00;4339000.00;1.22;56.26;7.91;34.62
245;115000.00;1489000.00;720000.00;2036000.00;4360000.00;2.64;34.15;16.51;46.70
246;87000.00;1976000.00;452000.00;1863000.00;4378000.00;1.99;45.13;10.32;42.55
247;60000.00;1486000.00;907000.00;1870000.00;4323000.00;1.39;34.37;20.98;43.26
248;59000.00;1688000.00;451000.00;2162000.00;4360000.00;1.35;38.72;10.34;49.59
249;108000.00;2512000.00;280000.00;1511000.00;4411000.00;2.45;56.95;6.35;34.26
250;150000.00;1766000.00;434000.00;2086000.00;4436000.00;3.38;39.81;9.78;47.02
251;58000.00;1156000.00;1224000.00;1956000.00;4394000.00;1.32;26.31;27.86;44.52
252;62000.00;1791000.00;20000.00;1520000.00;3393000.00;1.83;52.79;0.59;44.80
253;76000.00;2015000.00;463000.00;1885000.00;4439000.00;1.71;45.39;10.43;42.46
254;98000.00;2131000.00;262000.00;1895000.00;4386000.00;2.23;48.59;5.97;43.21
255;68000.00;2468000.00;446000.00;1335000.00;4317000.00;1.58;57.17;10.33;30.92
256;87000.00;1726000.00;13000.00;1575000.00;3401000.00;2.56;50.75;0.38;46.31
257;113000.00;1960000.00;632000.00;1868000.00;4573000.00;2.47;42.86;13.82;40.85
258;96000.00;1811000.00;179000.00;2226000.00;4312000.00;2.23;42.00;4.15;51.62
259;88000.00;1996000.00;260000.00;2129000.00;4473000.00;1.97;44.62;5.81;47.60
260;79000.00;2069000.00;446000.00;1742000.00;4336000.00;1.82;47.72;10.29;40.18
261;107000.00;2141000.00;596000.00;1635000.00;4479000.00;2.39;47.80;13.31;36.50
262;68000.00;2266000.00;499000.00;1492000.00;4325000.00;1.57;52.39;11.54;34.50
263;61000.00;1442000.00;923000.00;1938000.00;4364000.00;1.40;33.04;21.15;44.41
264;94000.00;1936000.00;517000.00;1955000.00;4502000.00;2.09;43.00;11.48;43.43
265;93000.00;2336000.00;203000.00;1796000.00;4428000.00;2.10;52.76;4.58;40.56
266;92000.00;1879000.00;249000.00;2065000.00;4285000.00;2.15;43.85;5.81;48.19
267;86000.00;1576000.00;7000.00;1738000.00;3407000.00;2.52;46.26;0.21;51.01
268;61000.00;2071000.00;290000.00;1932000.00;4354000.00;1.40;47.57;6.66;44.37
269;63000.00;2229000.00;528000.00;1589000.00;4409000.00;1.43;50.56;11.98;36.04
270;86000.00;2118000.00;565000.00;1695000.00;4464000.00;1.93;47.45;12.66;37.97
271;118000.00;1904000.00;537000.00;1839000.00;4398000.00;2.68;43.29;12.21;41.81
272;87000.00;1286000.00;722000.00;2344000.00;4439000.00;1.96;28.97;16.26;52.80
273;158000.00;1709000.00;325000.00;2254000.00;4446000.00;3.55;38.44;7.31;50.70
274;89000.00;2077000.00;317000.00;1960000.00;4443000.00;2.00;46.75;7.13;44.11
275;131000.00;1846000.00;22000.00;1488000.00;3487000.00;3.76;52.94;0.63;42.67
276;80000.00;1605000.00;655000.00;2013000.00;4353000.00;1.84;36.87;15.05;46.24
277;67000.00;1822000.00;436000.00;2078000.00;4403000.00;1.52;41.38;9.90;47.20
278;43000.00;1946000.00;716000.00;1772000.00;4477000.00;0.96;43.47;15.99;39.58
279;70000.00;1897000.00;32000.00;1412000.00;3411000.00;2.05;55.61;0.94;41.40
280;165000.00;1775000.00;507000.00;1783000.00;4230000.00;3.90;41.96;11.99;42.15
281;67000.00;2443000.00;151000.00;1830000.00;4491000.00;1.49;54.40;3.36;40.75
282;80000.00;2314000.00;240000.00;1689000.00;4323000.00;1.85;53.53;5.55;39.07
283;58000.00;2150000.00;219000.00;1942000.00;4369000.00;1.33;49.21;5.01;44.45
284;94000.00;2568000.00;423000.00;1392000.00;4477000.00;2.10;57.36;9.45;31.09
285;45000.00;1977000.00;444000.00;1921000.00;4387000.00;1.03;45.06;10.12;43.79
286;122000.00;1970000.00;400000.00;1908000.00;4400000.00;2.77;44.77;9.09;43.36
287;133000.00;2120000.00;351000.00;1685000.00;4289000.00;3.10;49.43;8.18;39.29
288;72000.00;1908000.00;23000.00;1421000.00;3424000.00;2.10;55.72;0.67;41.50
289;118000.00;2077000.00;425000.00;1748000.00;4368000.00;2.70;47.55;9.73;40.02
290;5000.00;700000.00;325000.00;1169000.00;2199000.00;0.23;31.83;14.78;53.16
291;72000.00;1470000.00;421000.00;2442000.00;4405000.00;1.63;33.37;9.56;55.44
292;149000.00;2602000.00;206000.00;1380000.00;4337000.00;3.44;60.00;4.75;31.82
293;79000.00;1998000.00;422000.00;1892000.00;4391000.00;1.80;45.50;9.61;43.09
294;92000.00;1674000.00;512000.00;2175000.00;4453000.00;2.07;37.59;11.50;48.84
295;127000.00;1662000.00;583000.00;2000000.00;4372000.00;2.90;38.01;13.33;45.75
296;90000.00;1573000.00;478000.00;2298000.00;4439000.00;2.03;35.44;10.77;51.77
297;118000.00;1510000.00;553000.00;2255000.00;4436000.00;2.66;34.04;12.47;50.83
298;92000.00;2231000.00;44000.00;1117000.00;3484000.00;2.64;64.04;1.26;32.06
299;104000.00;1658000.00;583000.00;2100000.00;4445000.00;2.34;37.30;13.12;47.24
300;61000.00;1552000.00;14000.00;1824000.00;3451000.00;1.77;44.97;0.41;52.85
301;116000.00;1815000.00;729000.00;1655000.00;4315000.00;2.69;42.06;16.89;38.35
302;106000.00;1971000.00;322000.00;2082000.00;4481000.00;2.37;43.99;7.19;46.46
303;88000.00;2844000.00;213000.00;1293000.00;4438000.00;1.98;64.08;4.80;29.13
304;75000.00;2375000.00;222000.00;1814000.00;4486000.00;1.67;52.94;4.95;40.44
305;46000.00;2461000.00;353000.00;1655000.00;4515000.00;1.02;54.51;7.82;36.66
306;82000.00;1814000.00;796000.00;1705000.00;4397000.00;1.86;41.26;18.10;38.78
307;70000.00;1806000.00;532000.00;2049000.00;4457000.00;1.57;40.52;11.94;45.97
308;201000.00;1750000.00;11000.00;1404000.00;3366000.00;5.97;51.99;0.33;41.71
309;75000.00;1964000.00;555000.00;1797000.00;4391000.00;1.71;44.73;12.64;40.92
310;75000.00;1734000.00;491000.00;2105000.00;4405000.00;1.70;39.36;11.15;47.79
311;156000.00;1710000.00;451000.00;2121000.00;4438000.00;3.52;38.53;10.16;47.79
312;56000.00;2175000.00;428000.00;1778000.00;4437000.00;1.26;49.02;9.65;40.07
313;64000.00;2133000.00;372000.00;1862000.00;4431000.00;1.44;48.14;8.40;42.02
314;86000.00;2576000.00;214000.00;1545000.00;4421000.00;1.95;58.27;4.84;34.95
315;53000.00;2155000.00;598000.00;1649000.00;4455000.00;1.19;48.37;13.42;37.01
316;128000.00;1654000.00;541000.00;2016000.00;4339000.00;2.95;38.12;12.47;46.46
317;75000.00;1551000.00;600000.00;2196000.00;4422000.00;1.70;35.07;13.57;49.66
318;87000.00;2322000.00;674000.00;1342000.00;4425000.00;1.97;52.47;15.23;30.33
319;103000.00;1691000.00;505000.00;2020000.00;4319000.00;2.38;39.15;11.69;46.77
320;71000.00;2189000.00;339000.00;1786000.00;4385000.00;1.62;49.92;7.73;40.73
321;101000.00;1889000.00;426000.00;2041000.00;4457000.00;2.27;42.38;9.56;45.79
322;2000.00;841000.00;312000.00;1075000.00;2230000.00;0.09;37.71;13.99;48.21
323;97000.00;2079000.00;379000.00;1856000.00;4411000.00;2.20;47.13;8.59;42.08
324;85000.00;1802000.00;518000.00;2014000.00;4419000.00;1.92;40.78;11.72;45.58
325;81000.00;2015000.00;391000.00;1857000.00;4344000.00;1.86;46.39;9.00;42.75
326;133000.00;1892000.00;639000.00;1798000.00;4462000.00;2.98;42.40;14.32;40.30
327;105000.00;2157000.00;409000.00;1694000.00;4365000.00;2.41;49.42;9.37;38.81
328;86000.00;1608000.00;803000.00;1813000.00;4310000.00;2.00;37.31;18.63;42.06
329;96000.00;1609000.00;543000.00;2201000.00;4449000.00;2.16;36.17;12.20;49.47
330;72000.00;1929000.00;627000.00;1855000.00;4483000.00;1.61;43.03;13.99;41.38
331;133000.00;1822000.00;413000.00;2073000.00;4441000.00;2.99;41.03;9.30;46.68
332;147000.00;1785000.00;488000.00;1996000.00;4416000.00;3.33;40.42;11.05;45.20
333;78000.00;1820000.00;331000.00;2172000.00;4401000.00;1.77;41.35;7.52;49.35
334;62000.00;2413000.00;389000.00;1583000.00;4447000.00;1.39;54.26;8.75;35.60
335;108000.00;1612000.00;378000.00;2240000.00;4338000.00;2.49;37.16;8.71;51.64
336;63000.00;1952000.00;251000.00;2013000.00;4279000.00;1.47;45.62;5.87;47.04
337;76000.00;1911000.00;533000.00;1906000.00;4426000.00;1.72;43.18;12.04;43.06
338;119000.00;1459000.00;530000.00;2300000.00;4408000.00;2.70;33.10;12.02;52.18
339;93000.00;1882000.00;441000.00;2064000.00;4480000.00;2.08;42.01;9.84;46.07
340;77000.00;2216000.00;444000.00;1732000.00;4469000.00;1.72;49.59;9.94;38.76
341;113000.00;1803000.00;302000.00;2314000.00;4532000.00;2.49;39.78;6.66;51.06
342;85000.00;1590000.00;457000.00;2263000.00;4395000.00;1.93;36.18;10.40;51.49
343;90000.00;2205000.00;278000.00;1851000.00;4424000.00;2.03;49.84;6.28;41.84
344;74000.00;1263000.00;851000.00;2183000.00;4371000.00;1.69;28.89;19.47;49.94
345;50000.00;1761000.00;516000.00;2068000.00;4395000.00;1.14;40.07;11.74;47.05
346;134000.00;2438000.00;386000.00;1476000.00;4434000.00;3.02;54.98;8.71;33.29
347;94000.00;1963000.00;295000.00;2091000.00;4443000.00;2.12;44.18;6.64;47.06
348;42000.00;1643000.00;704000.00;2047000.00;4436000.00;0.95;37.04;15.87;46.15
349;103000.00;2313000.00;508000.00;1472000.00;4396000.00;2.34;52.62;11.56;33.48
350;142000.00;2435000.00;281000.00;1425000.00;4283000.00;3.32;56.85;6.56;33.27
351;85000.00;1560000.00;344000.00;2388000.00;4377000.00;1.94;35.64;7.86;54.56
352;84000.00;1857000.00;382000.00;2077000.00;4400000.00;1.91;42.20;8.68;47.20
353;116000.00;1959000.00;372000.00;2012000.00;4459000.00;2.60;43.93;8.34;45.12
354;116000.00;2237000.00;484000.00;1600000.00;4437000.00;2.61;50.42;10.91;36.06
355;43000.00;2423000.00;276000.00;1560000.00;4302000.00;1.00;56.32;6.42;36.26
356;97000.00;1877000.00;589000.00;1805000.00;4368000.00;2.22;42.97;13.48;41.32
357;45000.00;1515000.00;1132000.00;1744000.00;4436000.00;1.01;34.15;25.52;39.31
358;76000.00;1898000.00;8000.00;1440000.00;3422000.00;2.22;55.46;0.23;42.08
359;82000.00;1860000.00;487000.00;2058000.00;4487000.00;1.83;41.45;10.85;45.87
360;68000.00;2176000.00;444000.00;1859000.00;4547000.00;1.50;47.86;9.76;40.88
361;119000.00;1984000.00;353000.00;1857000.00;4313000.00;2.76;46.00;8.18;43.06
362;67000.00;1988000.00;436000.00;1886000.00;4377000.00;1.53;45.42;9.96;43.09
363;45000.00;2500000.00;309000.00;1481000.00;4335000.00;1.04;57.67;7.13;34.16
364;132000.00;2349000.00;379000.00;1559000.00;4419000.00;2.99;53.16;8.58;35.28
365;117000.00;2020000.00;355000.00;1940000.00;4432000.00;2.64;45.58;8.01;43.77
366;64000.00;1464000.00;647000.00;2228000.00;4403000.00;1.45;33.25;14.69;50.60
367;108000.00;1890000.00;299000.00;2226000.00;4523000.00;2.39;41.79;6.61;49.22
368;117000.00;1833000.00;466000.00;1969000.00;4385000.00;2.67;41.80;10.63;44.90
369;111000.00;1868000.00;416000.00;2019000.00;4414000.00;2.51;42.32;9.42;45.74
370;93000.00;2650000.00;227000.00;1429000.00;4399000.00;2.11;60.24;5.16;32.48
371;93000.00;1807000.00;339000.00;2213000.00;4452000.00;2.09;40.59;7.61;49.71
372;142000.00;1880000.00;412000.00;1999000.00;4433000.00;3.20;42.41;9.29;45.09
373;123000.00;2303000.00;360000.00;1603000.00;4389000.00;2.80;52.47;8.20;36.52
374;152000.00;2045000.00;382000.00;1885000.00;4464000.00;3.41;45.81;8.56;42.23
375;71000.00;1477000.00;51000.00;1753000.00;3352000.00;2.12;44.06;1.52;52.30
376;79000.00;2103000.00;446000.00;1809000.00;4437000.00;1.78;47.40;10.05;40.77
377;101000.00;1703000.00;575000.00;2074000.00;4453000.00;2.27;38.24;12.91;46.58
378;84000.00;1406000.00;895000.00;1920000.00;4305000.00;1.95;32.66;20.79;44.60
379;87000.00;1880000.00;597000.00;1788000.00;4352000.00;2.00;43.20;13.72;41.08
380;69000.00;1627000.00;291000.00;2439000.00;4426000.00;1.56;36.76;6.57;55.11
381;156000.00;1809000.00;241000.00;2186000.00;4392000.00;3.55;41.19;5.49;49.77
382;100000.00;2147000.00;369000.00;1729000.00;4345000.00;2.30;49.41;8.49;39.79
383;159000.00;2018000.00;270000.00;2002000.00;4449000.00;3.57;45.36;6.07;45.00
384;73000.00;2363000.00;356000.00;1683000.00;4475000.00;1.63;52.80;7.96;37.61
385;160000.00;1650000.00;822000.00;1715000.00;4347000.00;3.68;37.96;18.91;39.45
386;73000.00;1632000.00;463000.00;2168000.00;4336000.00;1.68;37.64;10.68;50.00
387;50000.00;1762000.00;12000.00;1458000.00;3282000.00;1.52;53.69;0.37;44.42
388;54000.00;2095000.00;358000.00;1936000.00;4443000.00;1.22;47.15;8.06;43.57
389;88000.00;2502000.00;503000.00;1457000.00;4550000.00;1.93;54.99;11.05;32.02
390;101000.00;1645000.00;588000.00;1927000.00;4261000.00;2.37;38.61;13.80;45.22
391;79000.00;1336000.00;730000.00;2285000.00;4430000.00;1.78;30.16;16.48;51.58
392;80000.00;1718000.00;718000.00;1907000.00;4423000.00;1.81;38.84;16.23;43.12
393;97000.00;1746000.00;228000.00;2330000.00;4401000.00;2.20;39.67;5.18;52.94
394;1000.00;1073000.00;257000.00;823000.00;2154000.00;0.05;49.81;11.93;38.21
395;106000.00;2299000.00;431000.00;1657000.00;4493000.00;2.36;51.17;9.59;36.88
396;44000.00;1828000.00;267000.00;2147000.00;4286000.00;1.03;42.65;6.23;50.09
397;109000.00;2860000.00;442000.00;1149000.00;4560000.00;2.39;62.72;9.69;25.20
398;112000.00;1803000.00;549000.00;1991000.00;4455000.00;2.51;40.47;12.32;44.69
399;72000.00;1572000.00;845000.00;1993000.00;4482000.00;1.61;35.07;18.85;44.47
400;85000.00;1478000.00;396000.00;2329000.00;4288000.00;1.98;34.47;9.24;54.31
401;120000.00;1599000.00;996000.00;1684000.00;4399000.00;2.73;36.35;22.64;38.28
402;95000.00;1717000.00;596000.00;1943000.00;4351000.00;2.18;39.46;13.70;44.66
403;135000.00;1447000.00;255000.00;2638000.00;4475000.00;3.02;32.34;5.70;58.95
404;113000.00;2078000.00;351000.00;1847000.00;4389000.00;2.57;47.35;8.00;42.08
405;119000.00;1714000.00;688000.00;1730000.00;4251000.00;2.80;40.32;16.18;40.70
406;124000.00;2449000.00;268000.00;1585000.00;4426000.00;2.80;55.33;6.06;35.81
407;92000.00;2463000.00;344000.00;1437000.00;4336000.00;2.12;56.80;7.93;33.14
408;68000.00;1873000.00;418000.00;2042000.00;4401000.00;1.55;42.56;9.50;46.40
409;103000.00;2300000.00;430000.00;1580000.00;4413000.00;2.33;52.12;9.74;35.80
410;82000.00;1766000.00;231000.00;2402000.00;4481000.00;1.83;39.41;5.16;53.60
411;82000.00;1832000.00;453000.00;1946000.00;4313000.00;1.90;42.48;10.50;45.12
412;86000.00;2268000.00;435000.00;1556000.00;4345000.00;1.98;52.20;10.01;35.81
413;75000.00;2458000.00;310000.00;1646000.00;4489000.00;1.67;54.76;6.91;36.67
414;122000.00;1311000.00;271000.00;2660000.00;4364000.00;2.80;30.04;6.21;60.95
415;75000.00;2205000.00;369000.00;1753000.00;4402000.00;1.70;50.09;8.38;39.82
416;61000.00;2162000.00;485000.00;1717000.00;4425000.00;1.38;48.86;10.96;38.80
417;87000.00;2718000.00;218000.00;1344000.00;4367000.00;1.99;62.24;4.99;30.78
418;84000.00;1555000.00;380000.00;2485000.00;4504000.00;1.87;34.52;8.44;55.17
419;85000.00;2418000.00;636000.00;1378000.00;4517000.00;1.88;53.53;14.08;30.51
420;3000.00;650000.00;338000.00;1149000.00;2140000.00;0.14;30.37;15.79;53.69
421;120000.00;1847000.00;398000.00;2050000.00;4415000.00;2.72;41.83;9.01;46.43
422;59000.00;1673000.00;301000.00;2255000.00;4288000.00;1.38;39.02;7.02;52.59
423;76000.00;1753000.00;709000.00;1942000.00;4480000.00;1.70;39.13;15.83;43.35
424;103000.00;2052000.00;495000.00;1738000.00;4388000.00;2.35;46.76;11.28;39.61
425;54000.00;1814000.00;710000.00;1894000.00;4472000.00;1.21;40.56;15.88;42.35
426;88000.00;1834000.00;566000.00;1984000.00;4472000.00;1.97;41.01;12.66;44.36
427;165000.00;2012000.00;276000.00;1940000.00;4393000.00;3.76;45.80;6.28;44.16
428;76000.00;1667000.00;668000.00;1974000.00;4385000.00;1.73;38.02;15.23;45.02
429;101000.00;2190000.00;604000.00;1508000.00;4403000.00;2.29;49.74;13.72;34.25
430;83000.00;2009000.00;288000.00;1985000.00;4365000.00;1.90;46.03;6.60;45.48
431;112000.00;2152000.00;273000.00;1865000.00;4402000.00;2.54;48.89;6.20;42.37
432;88000.00;1727000.00;311000.00;2308000.00;4434000.00;1.98;38.95;7.01;52.05
433;95000.00;2222000.00;376000.00;1735000.00;4428000.00;2.15;50.18;8.49;39.18
434;111000.00;1913000.00;657000.00;1510000.00;4191000.00;2.65;45.65;15.68;36.03
435;69000.00;2415000.00;257000.00;1687000.00;4428000.00;1.56;54.54;5.80;38.10
436;39000.00;1421000.00;745000.00;2214000.00;4419000.00;0.88;32.16;16.86;50.10
437;93000.00;2131000.00;392000.00;1801000.00;4417000.00;2.11;48.25;8.87;40.77
438;36000.00;2699000.00;359000.00;1201000.00;4295000.00;0.84;62.84;8.36;27.96
439;141000.00;1575000.00;26000.00;1701000.00;3443000.00;4.10;45.74;0.76;49.40
440;63000.00;1589000.00;790000.00;2015000.00;4457000.00;1.41;35.65;17.72;45.21
441;87000.00;1977000.00;314000.00;2061000.00;4439000.00;1.96;44.54;7.07;46.43
442;64000.00;1840000.00;59000.00;1529000.00;3492000.00;1.83;52.69;1.69;43.79
443;54000.00;2929000.00;233000.00;1267000.00;4483000.00;1.20;65.34;5.20;28.26
444;104000.00;1835000.00;315000.00;2104000.00;4358000.00;2.39;42.11;7.23;48.28
445;85000.00;1498000.00;8000.00;1779000.00;3370000.00;2.52;44.45;0.24;52.79
446;90000.00;1997000.00;557000.00;1781000.00;4425000.00;2.03;45.13;12.59;40.25
447;204000.00;1628000.00;401000.00;2157000.00;4390000.00;4.65;37.08;9.13;49.13
448;102000.00;1922000.00;442000.00;1941000.00;4407000.00;2.31;43.61;10.03;44.04
449;26000.00;2733000.00;226000.00;1512000.00;4497000.00;0.58;60.77;5.03;33.62
450;18000.00;655000.00;447000.00;1070000.00;2190000.00;0.82;29.91;20.41;48.86
451;76000.00;2172000.00;464000.00;1565000.00;4277000.00;1.78;50.78;10.85;36.59
452;71000.00;1796000.00;556000.00;2082000.00;4505000.00;1.58;39.87;12.34;46.22
453;55000.00;1846000.00;357000.00;2103000.00;4361000.00;1.26;42.33;8.19;48.22
454;101000.00;2569000.00;269000.00;1492000.00;4431000.00;2.28;57.98;6.07;33.67
455;94000.00;1609000.00;620000.00;2141000.00;4464000.00;2.11;36.04;13.89;47.96
456;57000.00;2046000.00;540000.00;1843000.00;4486000.00;1.27;45.61;12.04;41.08
457;70000.00;2481000.00;313000.00;1554000.00;4418000.00;1.58;56.16;7.08;35.17
458;69000.00;2526000.00;432000.00;1354000.00;4381000.00;1.57;57.66;9.86;30.91
459;87000.00;2218000.00;477000.00;1673000.00;4455000.00;1.95;49.79;10.71;37.55
460;113000.00;1915000.00;325000.00;2153000.00;4506000.00;2.51;42.50;7.21;47.78
461;53000.00;1734000.00;695000.00;1835000.00;4317000.00;1.23;40.17;16.10;42.51
462;69000.00;2187000.00;378000.00;1770000.00;4404000.00;1.57;49.66;8.58;40.19
463;88000.00;2095000.00;460000.00;1748000.00;4391000.00;2.00;47.71;10.48;39.81
464;105000.00;2483000.00;299000.00;1445000.00;4332000.00;2.42;57.32;6.90;33.36
465;155000.00;1560000.00;691000.00;1941000.00;4347000.00;3.57;35.89;15.90;44.65
466;142000.00;1740000.00;555000.00;1977000.00;4414000.00;3.22;39.42;12.57;44.79
467;57000.00;1721000.00;433000.00;2317000.00;4528000.00;1.26;38.01;9.56;51.17
468;111000.00;1543000.00;6000.00;1710000.00;3370000.00;3.29;45.79;0.18;50.74
469;58000.00;2254000.00;459000.00;1655000.00;4426000.00;1.31;50.93;10.37;37.39
470;53000.00;1504000.00;740000.00;2057000.00;4354000.00;1.22;34.54;17.00;47.24
471;140000.00;2194000.00;618000.00;1519000.00;4471000.00;3.13;49.07;13.82;33.97
472;74000.00;1917000.00;690000.00;1708000.00;4389000.00;1.69;43.68;15.72;38.92
473;92000.00;1925000.00;557000.00;1772000.00;4346000.00;2.12;44.29;12.82;40.77
474;118000.00;1789000.00;427000.00;2003000.00;4337000.00;2.72;41.25;9.85;46.18
475;78000.00;2232000.00;369000.00;1683000.00;4362000.00;1.79;51.17;8.46;38.58
476;149000.00;1964000.00;266000.00;2002000.00;4381000.00;3.40;44.83;6.07;45.70
477;109000.00;1887000.00;582000.00;1913000.00;4491000.00;2.43;42.02;12.96;42.60
478;76000.00;1908000.00;396000.00;1978000.00;4358000.00;1.74;43.78;9.09;45.39
479;80000.00;1781000.00;579000.00;1969000.00;4409000.00;1.81;40.39;13.13;44.66
480;134000.00;2317000.00;472000.00;1671000.00;4594000.00;2.92;50.44;10.27;36.37
481;52000.00;2387000.00;565000.00;1444000.00;4448000.00;1.17;53.66;12.70;32.46
482;51000.00;2273000.00;363000.00;1652000.00;4339000.00;1.18;52.39;8.37;38.07
483;85000.00;1745000.00;337000.00;2223000.00;4390000.00;1.94;39.75;7.68;50.64
484;74000.00;1844000.00;260000.00;2203000.00;4381000.00;1.69;42.09;5.93;50.29
485;75000.00;1886000.00;787000.00;1723000.00;4471000.00;1.68;42.18;17.60;38.54
486;45000.00;1392000.00;30000.00;1964000.00;3431000.00;1.31;40.57;0.87;57.24
487;112000.00;2020000.00;387000.00;1848000.00;4367000.00;2.56;46.26;8.86;42.32
488;160000.00;1911000.00;545000.00;1766000.00;4382000.00;3.65;43.61;12.44;40.30
489;106000.00;1759000.00;540000.00;2029000.00;4434000.00;2.39;39.67;12.18;45.76
490;95000.00;1667000.00;779000.00;1940000.00;4481000.00;2.12;37.20;17.38;43.29
491;168000.00;2251000.00;214000.00;1753000.00;4386000.00;3.83;51.32;4.88;39.97
492;86000.00;1388000.00;1091000.00;1870000.00;4435000.00;1.94;31.30;24.60;42.16
493;148000.00;1465000.00;382000.00;2395000.00;4390000.00;3.37;33.37;8.70;54.56
494;79000.00;2278000.00;233000.00;1708000.00;4298000.00;1.84;53.00;5.42;39.74
495;122000.00;1882000.00;329000.00;2064000.00;4397000.00;2.77;42.80;7.48;46.94
496;114000.00;1934000.00;467000.00;1895000.00;4410000.00;2.59;43.85;10.59;42.97
497;78000.00;1586000.00;690000.00;1995000.00;4349000.00;1.79;36.47;15.87;45.87
498;84000.00;1435000.00;457000.00;2296000.00;4272000.00;1.97;33.59;10.70;53.75
499;124000.00;2424000.00;289000.00;1587000.00;4424000.00;2.80;54.79;6.53;35.87
500;111000.00;2115000.00;347000.00;1936000.00;4509000.00;2.46;46.91;7.70;42.94
501;63000.00;1631000.00;773000.00;1935000.00;4402000.00;1.43;37.05;17.56;43.96
502;95000.00;1477000.00;585000.00;2267000.00;4424000.00;2.15;33.39;13.22;51.24
503;81000.00;2201000.00;526000.00;1574000.00;4382000.00;1.85;50.23;12.00;35.92
504;125000.00;2095000.00;308000.00;1875000.00;4403000.00;2.84;47.58;7.00;42.58
505;60000.00;1583000.00;493000.00;2245000.00;4381000.00;1.37;36.13;11.25;51.24
506;175000.00;1706000.00;666000.00;1850000.00;4397000.00;3.98;38.80;15.15;42.07
507;64000.00;1322000.00;1110000.00;1942000.00;4438000.00;1.44;29.79;25.01;43.76
508;93000.00;2021000.00;816000.00;1525000.00;4455000.00;2.09;45.36;18.32;34.23
509;88000.00;1446000.00;683000.00;2295000.00;4512000.00;1.95;32.05;15.14;50.86
510;76000.00;2111000.00;493000.00;1757000.00;4437000.00;1.71;47.58;11.11;39.60
511;109000.00;2470000.00;250000.00;1527000.00;4356000.00;2.50;56.70;5.74;35.06
512;78000.00;2663000.00;113000.00;1621000.00;4475000.00;1.74;59.51;2.53;36.22
513;120000.00;2232000.00;224000.00;1860000.00;4436000.00;2.71;50.32;5.05;41.93
514;147000.00;1950000.00;410000.00;1864000.00;4371000.00;3.36;44.61;9.38;42.64
515;99000.00;2223000.00;22000.00;1059000.00;3403000.00;2.91;65.32;0.65;31.12
516;103000.00;2180000.00;374000.00;1775000.00;4432000.00;2.32;49.19;8.44;40.05
517;62000.00;1925000.00;979000.00;1511000.00;4477000.00;1.38;43.00;21.87;33.75
518;35000.00;1511000.00;8000.00;1906000.00;3460000.00;1.01;43.67;0.23;55.09
519;111000.00;2153000.00;410000.00;1556000.00;4230000.00;2.62;50.90;9.69;36.78
520;85000.00;1548000.00;827000.00;1817000.00;4277000.00;1.99;36.19;19.34;42.48
521;67000.00;2194000.00;530000.00;1660000.00;4451000.00;1.51;49.29;11.91;37.29
522;99000.00;1463000.00;584000.00;2258000.00;4404000.00;2.25;33.22;13.26;51.27
523;96000.00;2118000.00;284000.00;1892000.00;4390000.00;2.19;48.25;6.47;43.10
524;89000.00;1673000.00;493000.00;2186000.00;4441000.00;2.00;37.67;11.10;49.22
525;147000.00;1789000.00;18000.00;1342000.00;3296000.00;4.46;54.28;0.55;40.72
526;104000.00;1843000.00;602000.00;1828000.00;4377000.00;2.38;42.11;13.75;41.76
527;146000.00;2305000.00;390000.00;1567000.00;4408000.00;3.31;52.29;8.85;35.55
528;71000.00;1549000.00;505000.00;2238000.00;4363000.00;1.63;35.50;11.57;51.29
529;83000.00;1932000.00;365000.00;2072000.00;4452000.00;1.86;43.40;8.20;46.54
530;85000.00;2014000.00;279000.00;2065000.00;4443000.00;1.91;45.33;6.28;46.48
531;66000.00;1857000.00;435000.00;2180000.00;4538000.00;1.45;40.92;9.59;48.04
532;66000.00;1726000.00;693000.00;1804000.00;4289000.00;1.54;40.24;16.16;42.06
533;69000.00;2227000.00;306000.00;1840000.00;4442000.00;1.55;50.14;6.89;41.42
534;94000.00;1561000.00;841000.00;1944000.00;4440000.00;2.12;35.16;18.94;43.78
535;84000.00;1854000.00;638000.00;1702000.00;4278000.00;1.96;43.34;14.91;39.78
536;102000.00;1984000.00;543000.00;1839000.00;4468000.00;2.28;44.40;12.15;41.16
537;119000.00;2246000.00;397000.00;1560000.00;4322000.00;2.75;51.97;9.19;36.09
538;121000.00;1628000.00;800000.00;1902000.00;4451000.00;2.72;36.58;17.97;42.73
539;101000.00;1683000.00;581000.00;2131000.00;4496000.00;2.25;37.43;12.92;47.40
540;75000.00;1278000.00;657000.00;2413000.00;4423000.00;1.70;28.89;14.85;54.56
541;186000.00;1903000.00;318000.00;1920000.00;4327000.00;4.30;43.98;7.35;44.37
542;95000.00;2073000.00;406000.00;1849000.00;4423000.00;2.15;46.87;9.18;41.80
543;65000.00;1983000.00;532000.00;1858000.00;4438000.00;1.46;44.68;11.99;41.87
544;114000.00;1533000.00;1067000.00;1739000.00;4453000.00;2.56;34.43;23.96;39.05
545;137000.00;1898000.00;217000.00;2168000.00;4420000.00;3.10;42.94;4.91;49.05
546;66000.00;1990000.00;468000.00;1962000.00;4486000.00;1.47;44.36;10.43;43.74
547;74000.00;1450000.00;711000.00;2037000.00;4272000.00;1.73;33.94;16.64;47.68
548;109000.00;1912000.00;224000.00;2165000.00;4410000.00;2.47;43.36;5.08;49.09
549;70000.00;2238000.00;598000.00;1474000.00;4380000.00;1.60;51.10;13.65;33.65
550;88000.00;2221000.00;382000.00;1791000.00;4482000.00;1.96;49.55;8.52;39.96
551;76000.00;1879000.00;291000.00;2099000.00;4345000.00;1.75;43.25;6.70;48.31
552;173000.00;2184000.00;315000.00;1750000.00;4422000.00;3.91;49.39;7.12;39.57
553;90000.00;2236000.00;351000.00;1733000.00;4410000.00;2.04;50.70;7.96;39.30
554;104000.00;2510000.00;200000.00;1680000.00;4494000.00;2.31;55.85;4.45;37.38
555;56000.00;2668000.00;352000.00;1354000.00;4430000.00;1.26;60.23;7.95;30.56
556;121000.00;2188000.00;451000.00;1736000.00;4496000.00;2.69;48.67;10.03;38.61
557;98000.00;1751000.00;631000.00;1798000.00;4278000.00;2.29;40.93;14.75;42.03
558;108000.00;2340000.00;501000.00;1566000.00;4515000.00;2.39;51.83;11.10;34.68
559;69000.00;2647000.00;366000.00;1420000.00;4502000.00;1.53;58.80;8.13;31.54
560;114000.00;1947000.00;484000.00;1887000.00;4432000.00;2.57;43.93;10.92;42.58
561;111000.00;1497000.00;288000.00;2500000.00;4396000.00;2.53;34.05;6.55;56.87
562;89000.00;1501000.00;311000.00;2380000.00;4281000.00;2.08;35.06;7.26;55.59
563;193000.00;1872000.00;576000.00;1778000.00;4419000.00;4.37;42.36;13.03;40.24
564;128000.00;1504000.00;1127000.00;1584000.00;4343000.00;2.95;34.63;25.95;36.47
565;80000.00;2487000.00;367000.00;1595000.00;4529000.00;1.77;54.91;8.10;35.22
566;164000.00;1740000.00;685000.00;1907000.00;4496000.00;3.65;38.70;15.24;42.42
567;123000.00;2281000.00;263000.00;1741000.00;4408000.00;2.79;51.75;5.97;39.50
568;85000.00;1853000.00;445000.00;2053000.00;4436000.00;1.92;41.77;10.03;46.28
569;67000.00;2468000.00;330000.00;1557000.00;4422000.00;1.52;55.81;7.46;35.21
570;156000.00;1853000.00;655000.00;1658000.00;4322000.00;3.61;42.87;15.16;38.36
571;94000.00;2008000.00;336000.00;1887000.00;4325000.00;2.17;46.43;7.77;43.63
572;92000.00;1899000.00;313000.00;1954000.00;4258000.00;2.16;44.60;7.35;45.89
573;65000.00;2580000.00;207000.00;1619000.00;4471000.00;1.45;57.71;4.63;36.21
574;72000.00;1703000.00;773000.00;1891000.00;4439000.00;1.62;38.36;17.41;42.60
575;71000.00;2331000.00;278000.00;1675000.00;4355000.00;1.63;53.52;6.38;38.46
576;57000.00;2290000.00;589000.00;1503000.00;4439000.00;1.28;51.59;13.27;33.86
577;75000.00;1606000.00;30000.00;1647000.00;3358000.00;2.23;47.83;0.89;49.05
578;68000.00;1480000.00;521000.00;2397000.00;4466000.00;1.52;33.14;11.67;53.67
579;113000.00;1955000.00;336000.00;2086000.00;4490000.00;2.52;43.54;7.48;46.46
580;64000.00;2168000.00;465000.00;1650000.00;4347000.00;1.47;49.87;10.70;37.96
581;80000.00;1877000.00;421000.00;1988000.00;4366000.00;1.83;42.99;9.64;45.53
582;96000.00;2297000.00;283000.00;1602000.00;4278000.00;2.24;53.69;6.62;37.45
583;119000.00;2071000.00;584000.00;1661000.00;4435000.00;2.68;46.70;13.17;37.45
584;102000.00;1878000.00;422000.00;1984000.00;4386000.00;2.33;42.82;9.62;45.23
585;78000.00;1840000.00;585000.00;1912000.00;4415000.00;1.77;41.68;13.25;43.31
586;130000.00;1469000.00;562000.00;2209000.00;4370000.00;2.97;33.62;12.86;50.55
587;65000.00;1877000.00;852000.00;1580000.00;4374000.00;1.49;42.91;19.48;36.12
588;62000.00;2685000.00;325000.00;1439000.00;4511000.00;1.37;59.52;7.20;31.90
589;51000.00;1933000.00;375000.00;2050000.00;4409000.00;1.16;43.84;8.51;46.50
590;77000.00;2492000.00;372000.00;1414000.00;4355000.00;1.77;57.22;8.54;32.47
591;79000.00;2052000.00;446000.00;1816000.00;4393000.00;1.80;46.71;10.15;41.34
592;72000.00;1976000.00;439000.00;1995000.00;4482000.00;1.61;44.09;9.79;44.51
593;66000.00;2099000.00;451000.00;1694000.00;4310000.00;1.53;48.70;10.46;39.30
594;89000.00;2500000.00;319000.00;1509000.00;4417000.00;2.01;56.60;7.22;34.16
595;77000.00;2148000.00;445000.00;1682000.00;4352000.00;1.77;49.36;10.23;38.65
596;74000.00;2466000.00;399000.00;1462000.00;4401000.00;1.68;56.03;9.07;33.22
597;55000.00;2126000.00;485000.00;1738000.00;4404000.00;1.25;48.27;11.01;39.46
598;99000.00;1540000.00;567000.00;2232000.00;4438000.00;2.23;34.70;12.78;50.29
599;90000.00;1619000.00;391000.00;2175000.00;4275000.00;2.11;37.87;9.15;50.88
600;119000.00;1762000.00;525000.00;2100000.00;4506000.00;2.64;39.10;11.65;46.60
601;93000.00;1872000.00;379000.00;2079000.00;4423000.00;2.10;42.32;8.57;47.00
602;47000.00;2273000.00;254000.00;1866000.00;4440000.00;1.06;51.19;5.72;42.03
603;107000.00;1344000.00;790000.00;2055000.00;4296000.00;2.49;31.28;18.39;47.84
604;135000.00;1940000.00;473000.00;1780000.00;4328000.00;3.12;44.82;10.93;41.13
605;170000.00;1950000.00;354000.00;1721000.00;4195000.00;4.05;46.48;8.44;41.03
606;101000.00;2016000.00;437000.00;1893000.00;4447000.00;2.27;45.33;9.83;42.57
607;120000.00;1943000.00;402000.00;1951000.00;4416000.00;2.72;44.00;9.10;44.18
608;134000.00;2002000.00;494000.00;1688000.00;4318000.00;3.10;46.36;11.44;39.09
609;165000.00;1653000.00;667000.00;1931000.00;4416000.00;3.74;37.43;15.10;43.73
610;128000.00;2204000.00;219000.00;1853000.00;4404000.00;2.91;50.05;4.97;42.08
611;63000.00;1881000.00;23000.00;1381000.00;3348000.00;1.88;56.18;0.69;41.25
612;75000.00;1694000.00;651000.00;1967000.00;4387000.00;1.71;38.61;14.84;44.84
613;86000.00;1740000.00;439000.00;2092000.00;4357000.00;1.97;39.94;10.08;48.01
614;59000.00;2431000.00;219000.00;1850000.00;4559000.00;1.29;53.32;4.80;40.58
615;159000.00;1130000.00;877000.00;2269000.00;4435000.00;3.59;25.48;19.77;51.16
616;82000.00;2051000.00;451000.00;1922000.00;4506000.00;1.82;45.52;10.01;42.65
617;79000.00;1844000.00;6000.00;1474000.00;3403000.00;2.32;54.19;0.18;43.31
618;59000.00;2227000.00;288000.00;1691000.00;4265000.00;1.38;52.22;6.75;39.65
619;96000.00;2075000.00;600000.00;1593000.00;4364000.00;2.20;47.55;13.75;36.50
620;50000.00;1996000.00;509000.00;1805000.00;4360000.00;1.15;45.78;11.67;41.40
621;65000.00;1772000.00;267000.00;2249000.00;4353000.00;1.49;40.71;6.13;51.67
622;81000.00;1764000.00;817000.00;1703000.00;4365000.00;1.86;40.41;18.72;39.01
623;73000.00;2458000.00;497000.00;1396000.00;4424000.00;1.65;55.56;11.23;31.56
624;117000.00;1614000.00;448000.00;2058000.00;4237000.00;2.76;38.09;10.57;48.57
625;66000.00;1697000.00;541000.00;2062000.00;4366000.00;1.51;38.87;12.39;47.23
626;155000.00;2254000.00;280000.00;1779000.00;4468000.00;3.47;50.45;6.27;39.82
627;97000.00;1760000.00;293000.00;2112000.00;4262000.00;2.28;41.30;6.87;49.55
628;107000.00;1600000.00;504000.00;2167000.00;4378000.00;2.44;36.55;11.51;49.50
629;70000.00;1889000.00;529000.00;1912000.00;4400000.00;1.59;42.93;12.02;43.45
630;49000.00;2056000.00;478000.00;1798000.00;4381000.00;1.12;46.93;10.91;41.04
631;78000.00;2133000.00;410000.00;1690000.00;4311000.00;1.81;49.48;9.51;39.20
632;127000.00;2120000.00;320000.00;1816000.00;4383000.00;2.90;48.37;7.30;41.43
633;87000.00;1526000.00;694000.00;2039000.00;4346000.00;2.00;35.11;15.97;46.92
634;119000.00;1740000.00;62000.00;1390000.00;3311000.00;3.59;52.55;1.87;41.98
635;92000.00;1687000.00;878000.00;1660000.00;4317000.00;2.13;39.08;20.34;38.45
636;64000.00;2095000.00;622000.00;1684000.00;4465000.00;1.43;46.92;13.93;37.72
637;94000.00;2110000.00;391000.00;1833000.00;4428000.00;2.12;47.65;8.83;41.40
638;105000.00;1884000.00;140000.00;2235000.00;4364000.00;2.41;43.17;3.21;51.21
639;139000.00;2103000.00;483000.00;1817000.00;4542000.00;3.06;46.30;10.63;40.00
640;106000.00;1841000.00;549000.00;1869000.00;4365000.00;2.43;42.18;12.58;42.82
641;87000.00;1494000.00;422000.00;2485000.00;4488000.00;1.94;33.29;9.40;55.37
642;125000.00;2319000.00;410000.00;1597000.00;4451000.00;2.81;52.10;9.21;35.88
643;100000.00;2273000.00;447000.00;1616000.00;4436000.00;2.25;51.24;10.08;36.43
644;48000.00;2674000.00;373000.00;1352000.00;4447000.00;1.08;60.13;8.39;30.40
645;87000.00;1902000.00;442000.00;1919000.00;4350000.00;2.00;43.72;10.16;44.11
646;65000.00;2087000.00;254000.00;1980000.00;4386000.00;1.48;47.58;5.79;45.14
647;132000.00;1667000.00;81000.00;1565000.00;3445000.00;3.83;48.39;2.35;45.43
648;98000.00;1609000.00;695000.00;2024000.00;4426000.00;2.21;36.35;15.70;45.73
649;146000.00;1466000.00;342000.00;2370000.00;4324000.00;3.38;33.90;7.91;54.81
650;130000.00;2050000.00;274000.00;1858000.00;4312000.00;3.01;47.54;6.35;43.09
651;85000.00;2476000.00;349000.00;1527000.00;4437000.00;1.92;55.80;7.87;34.42
652;45000.00;2484000.00;397000.00;1549000.00;4475000.00;1.01;55.51;8.87;34.61
653;110000.00;2118000.00;213000.00;1964000.00;4405000.00;2.50;48.08;4.84;44.59
654;145000.00;1707000.00;574000.00;1998000.00;4424000.00;3.28;38.58;12.97;45.16
655;83000.00;1821000.00;685000.00;1719000.00;4308000.00;1.93;42.27;15.90;39.90
656;73000.00;2138000.00;447000.00;1680000.00;4338000.00;1.68;49.29;10.30;38.73
657;112000.00;1555000.00;925000.00;1882000.00;4474000.00;2.50;34.76;20.68;42.07
658;144000.00;2378000.00;439000.00;1404000.00;4365000.00;3.30;54.48;10.06;32.16
659;42000.00;1863000.00;497000.00;2099000.00;4501000.00;0.93;41.39;11.04;46.63
660;58000.00;1957000.00;357000.00;1962000.00;4334000.00;1.34;45.15;8.24;45.27
661;100000.00;1509000.00;505000.00;2197000.00;4311000.00;2.32;35.00;11.71;50.96
662;114000.00;2083000.00;389000.00;1860000.00;4446000.00;2.56;46.85;8.75;41.84
663;65000.00;1975000.00;480000.00;1796000.00;4316000.00;1.51;45.76;11.12;41.61
664;115000.00;2114000.00;386000.00;1756000.00;4371000.00;2.63;48.36;8.83;40.17
665;192000.00;1690000.00;278000.00;2210000.00;4370000.00;4.39;38.67;6.36;50.57
666;53000.00;2250000.00;504000.00;1581000.00;4388000.00;1.21;51.28;11.49;36.03
667;110000.00;1252000.00;905000.00;2077000.00;4344000.00;2.53;28.82;20.83;47.81
668;113000.00;1760000.00;284000.00;2279000.00;4436000.00;2.55;39.68;6.40;51.38
669;122000.00;1682000.00;720000.00;1923000.00;4447000.00;2.74;37.82;16.19;43.24
670;84000.00;1354000.00;893000.00;2054000.00;4385000.00;1.92;30.88;20.36;46.84
671;93000.00;1897000.00;190000.00;2045000.00;4225000.00;2.20;44.90;4.50;48.40
672;111000.00;2097000.00;507000.00;1748000.00;4463000.00;2.49;46.99;11.36;39.17
673;130000.00;1848000.00;568000.00;1916000.00;4462000.00;2.91;41.42;12.73;42.94
674;76000.00;1743000.00;440000.00;2085000.00;4344000.00;1.75;40.12;10.13;48.00
675;73000.00;1843000.00;220000.00;2296000.00;4432000.00;1.65;41.58;4.96;51.81
676;99000.00;1234000.00;733000.00;2354000.00;4420000.00;2.24;27.92;16.58;53.26
677;95000.00;2255000.00;558000.00;1455000.00;4363000.00;2.18;51.68;12.79;33.35
678;77000.00;1823000.00;508000.00;1999000.00;4407000.00;1.75;41.37;11.53;45.36
679;138000.00;2356000.00;294000.00;1613000.00;4401000.00;3.14;53.53;6.68;36.65
680;129000.00;2187000.00;388000.00;1743000.00;4447000.00;2.90;49.18;8.72;39.19
681;110000.00;1709000.00;652000.00;1929000.00;4400000.00;2.50;38.84;14.82;43.84
682;155000.00;1416000.00;514000.00;2320000.00;4405000.00;3.52;32.15;11.67;52.67
683;102000.00;2231000.00;527000.00;1525000.00;4385000.00;2.33;50.88;12.02;34.78
684;116000.00;2184000.00;313000.00;1744000.00;4357000.00;2.66;50.13;7.18;40.03
685;62000.00;1526000.00;871000.00;1956000.00;4415000.00;1.40;34.56;19.73;44.30
686;57000.00;1564000.00;8000.00;1769000.00;3398000.00;1.68;46.03;0.24;52.06
687;104000.00;1963000.00;274000.00;2053000.00;4394000.00;2.37;44.67;6.24;46.72
688;51000.00;2057000.00;393000.00;1901000.00;4402000.00;1.16;46.73;8.93;43.18
689;97000.00;2054000.00;501000.00;1826000.00;4478000.00;2.17;45.87;11.19;40.78
